<environmentvariabledefinition schemaname="apa_TenantID">
  <description default="Tenant ID where the Application has been created">
    <label description="Tenant ID where the Application has been created" languagecode="1033" />
  </description>
  <displayname default="TenantID">
    <label description="TenantID" languagecode="1033" />
  </displayname>
  <introducedversion>1.0.0.0</introducedversion>
  <iscustomizable>1</iscustomizable>
  <isrequired>0</isrequired>
  <secretstore>0</secretstore>
  <type>100000000</type>
</environmentvariabledefinition>