<environmentvariabledefinition schemaname="apa_AIInformationText">
  <defaultvalue>Tämä sivu on käännetty automaattisesti tekoälyn avulla, joten käännöksessä saattaa esiintyä virheitä.</defaultvalue>
  <description default="This info text is added to every translated page">
    <label description="This info text is added to every translated page" languagecode="1033" />
  </description>
  <displayname default="AI-Information-Text">
    <label description="AI-Information-Text" languagecode="1033" />
  </displayname>
  <introducedversion>1.0.0.0</introducedversion>
  <iscustomizable>1</iscustomizable>
  <isrequired>0</isrequired>
  <secretstore>0</secretstore>
  <type>100000000</type>
</environmentvariabledefinition>