<environmentvariabledefinition schemaname="apa_InitialSitePagesID">
  <description default="Initial site pages library ID. Used in the Parent flow - Start translation">
    <label description="Initial site pages library ID. Used in the Parent flow - Start translation" languagecode="1033" />
  </description>
  <displayname default="InitialSitePagesID">
    <label description="InitialSitePagesID" languagecode="1033" />
  </displayname>
  <introducedversion>1.0.0.0</introducedversion>
  <iscustomizable>1</iscustomizable>
  <isrequired>0</isrequired>
  <secretstore>0</secretstore>
  <type>100000000</type>
</environmentvariabledefinition>