<environmentvariabledefinition schemaname="apa_InitialSiteUrl">
  <description default="Initial site URL. Used in the Parent flow - Start translation">
    <label description="Initial site URL. Used in the Parent flow - Start translation" languagecode="1033" />
  </description>
  <displayname default="InitialSiteUrl">
    <label description="InitialSiteUrl" languagecode="1033" />
  </displayname>
  <introducedversion>1.0.0.0</introducedversion>
  <iscustomizable>1</iscustomizable>
  <isrequired>0</isrequired>
  <secretstore>0</secretstore>
  <type>100000000</type>
</environmentvariabledefinition>