{
  "properties": {
    "connectionReferences": {
      "shared_sharepointonline-1": {
        "api": {
          "name": "shared_sharepointonline"
        },
        "connection": {
          "connectionReferenceLogicalName": "apa_sharedsharepointonline_492b8"
        },
        "runtimeSource": "embedded"
      }
    },
    "definition": {
      "$schema": "https://schema.management.azure.com/providers/Microsoft.Logic/schemas/2016-06-01/workflowdefinition.json#",
      "contentVersion": "1.0.0.0",
      "parameters": {
        "$authentication": {
          "defaultValue": {},
          "type": "SecureObject"
        },
        "$connections": {
          "defaultValue": {},
          "type": "Object"
        },
        "InitialSiteUrl (apa_InitialSiteUrl)": {
          "defaultValue": "https://leikkikentta.sharepoint.com/sites/process",
          "type": "String",
          "metadata": {
            "schemaName": "apa_InitialSiteUrl",
            "description": "Initial site URL. Used in the Parent flow - Start translation"
          }
        },
        "InitialSitePagesID (apa_InitialSitePagesID)": {
          "defaultValue": "8918c662-c9d1-479d-b6a6-26fa8dfd5922",
          "type": "String",
          "metadata": {
            "schemaName": "apa_InitialSitePagesID",
            "description": "Initial site pages library ID. Used in the Parent flow - Start translation"
          }
        }
      },
      "triggers": {
        "When_an_item_is_created": {
          "type": "OpenApiConnection",
          "inputs": {
            "parameters": {
              "dataset": "@parameters('InitialSiteUrl (apa_InitialSiteUrl)')",
              "table": "@parameters('InitialSitePagesID (apa_InitialSitePagesID)')"
            },
            "host": {
              "apiId": "/providers/Microsoft.PowerApps/apis/shared_sharepointonline",
              "operationId": "GetOnNewItems",
              "connectionName": "shared_sharepointonline-1"
            }
          },
          "recurrence": {
            "interval": 1,
            "frequency": "Minute"
          },
          "conditions": [
            {
              "expression": "@or(equals(triggerBody()?['{Path}'], 'SitePages/en/'), equals(triggerBody()?['{Path}'], 'SitePages/sv/'), equals(triggerBody()?['{Path}'], 'SitePages/fi/'))"
            },
            {
              "expression": "@equals(triggerBody()?['{VersionNumber}'],'0.1')"
            }
          ],
          "splitOn": "@triggerOutputs()?['body/value']",
          "metadata": {
            "operationMetadataId": "533e33e7-c35e-420f-b95a-cb87afdd8170"
          }
        }
      },
      "actions": {
        "Run_a_Child_Flow": {
          "type": "Workflow",
          "inputs": {
            "host": {
              "workflowReferenceName": "0c9a29ba-b847-f011-8779-7c1e52500fd6"
            },
            "body": {
              "Link": "@triggerBody()?['{Link}']",
              "createdBy": "@triggerBody()?['Author/Email']",
              "sharepointPageID": "@triggerBody()?['ID']",
              "PagesLibraryGUID": "@parameters('InitialSitePagesID (apa_InitialSitePagesID)')"
            }
          },
          "runAfter": {
            "Compose": [
              "Succeeded"
            ]
          }
        },
        "Compose": {
          "type": "Compose",
          "inputs": "Version number value: @{triggerBody()?['{VersionNumber}']}\nPath: @{triggerBody()?['{Path}']}\n\nIndividual trigger condition results:\nPath leads to translation folder: @{or(equals(triggerBody()?['{Path}'],'SitePages/fi/'),equals(triggerBody()?['{Path}'],'SitePages/en/'),equals(triggerBody()?['{Path}'],'SitePages/sv/'))}\nIs version 0.1: @{equals(triggerBody()?['{VersionNumber}'],'0.1')}\n\nTrigger condition:\nis news and in translate section?\n@{or(\r\n    equals(triggerBody()?['{Path}'], 'SitePages/fi/'), equals(triggerBody()?['{Path}'], 'SitePages/en/'),\r\n    equals(triggerBody()?['{Path}'], 'SitePages/sv/')\r\n    )}\n\nIs version 0.1?\n@{equals(triggerBody()?['{VersionNumber}'],'0.1')}\n\n",
          "runAfter": {}
        }
      }
    },
    "templateName": null
  },
  "schemaVersion": "1.0.0.0"
}