<environmentvariabledefinition schemaname="apa_ClientSecret">
  <description default="Contains client secret for translation app">
    <label description="Contains client secret for translation app" languagecode="1033" />
  </description>
  <displayname default="ClientSecret">
    <label description="ClientSecret" languagecode="1033" />
  </displayname>
  <introducedversion>1.0.0.0</introducedversion>
  <iscustomizable>1</iscustomizable>
  <isrequired>0</isrequired>
  <secretstore>0</secretstore>
  <type>100000000</type>
</environmentvariabledefinition>