<environmentvariabledefinition schemaname="apa_AutomationAccountEmail">
  <description default="This is the automation account email which will be running the flows. Used in child flow authentication">
    <label description="This is the automation account email which will be running the flows. Used in child flow authentication" languagecode="1033" />
  </description>
  <displayname default="AutomationAccountEmail">
    <label description="AutomationAccountEmail" languagecode="1033" />
  </displayname>
  <introducedversion>1.0.0.0</introducedversion>
  <iscustomizable>1</iscustomizable>
  <isrequired>0</isrequired>
  <secretstore>0</secretstore>
  <type>100000000</type>
</environmentvariabledefinition>