<environmentvariabledefinition schemaname="apa_Audience">
  <defaultvalue>https://graph.microsoft.com</defaultvalue>
  <description default="DO NOT CHANGE THIS. This is just to make development easier">
    <label description="DO NOT CHANGE THIS. This is just to make development easier" languagecode="1033" />
  </description>
  <displayname default="Audience">
    <label description="Audience" languagecode="1033" />
  </displayname>
  <introducedversion>1.0.0.0</introducedversion>
  <iscustomizable>1</iscustomizable>
  <isrequired>0</isrequired>
  <secretstore>0</secretstore>
  <type>100000000</type>
</environmentvariabledefinition>